#{"t_start": 1781113351.3230424, "env_id": "None"}
r,l,t
152.261428,60,1.495611
134.112087,57,1.705925
89.849171,46,1.87798
140.116818,58,2.101386
136.800502,58,2.320986
201.488424,73,2.604364
154.948229,62,2.837524
141.116281,58,3.05054
189.724445,70,3.316616
89.873748,47,3.497793
182.06839,68,3.751203
127.956565,55,3.961998
118.678736,52,4.164828
143.778831,59,4.390456
200.478159,71,4.659369
152.880452,61,4.893352
202.862665,73,5.17395
136.564592,56,5.384675
146.625564,59,5.612573
103.742013,51,5.810694
148.805128,61,6.042153
136.625134,57,6.267893
95.508704,48,6.452727
78.762278,44,6.622271
117.159708,54,6.83302
122.912627,54,7.040405
113.787264,51,7.242332
150.22769,60,7.473798
160.339975,64,7.716206
146.893682,60,7.954576
104.472431,50,8.153649
171.759752,65,8.403296
131.535023,55,8.614459
89.644416,46,8.793588
112.798503,51,8.993952
247.584039,83,9.663134
188.945244,70,9.944957
240.814105,81,10.269002
114.908342,52,10.471417
122.245779,53,10.677532
145.395864,60,10.905064
98.257846,49,11.093258
125.67042,54,11.314709
134.919482,56,11.529307
72.84191,43,11.703808
103.385275,49,11.892194
92.896631,47,12.069272
155.584065,62,12.317348
97.783204,48,12.503977
194.121642,69,12.775782
81.454688,44,12.947007
121.99834,54,13.165315
110.060583,52,13.364985
132.00011,56,13.587102
166.168601,64,13.843464
184.98831,68,14.109426
184.356406,68,14.387217
127.759389,55,14.633435
321.206721,101,15.028809
112.090424,51,15.232996
111.846554,51,15.430528
101.837054,48,15.607949
122.676841,54,15.819641
97.442586,48,16.004478
142.512222,58,16.226126
88.384611,46,16.393762
138.706495,58,16.61377
107.962216,49,16.800106
104.389121,50,16.988575
148.653838,60,17.221667
182.345133,68,17.473785
116.237437,53,18.052445
117.625913,53,18.256706
101.770514,49,18.432313
93.031046,48,18.606543
123.708279,54,18.804167
145.367013,59,19.023877
161.738131,62,19.257488
129.74999,55,19.457495
130.042377,55,19.656759
116.536022,53,19.856071
132.231375,57,20.063137
186.298669,69,20.313083
115.423645,53,20.50281
195.590955,70,20.753874
76.492985,42,20.91025
111.750613,52,21.099217
103.812773,49,21.283152
141.092086,58,21.494832
100.251614,49,21.673967
149.783096,60,21.89606
139.093851,56,22.102308
138.327194,56,22.311812
122.49359,54,22.514512
183.079185,67,22.762125
234.361199,79,23.060999
178.08417,69,23.327338
112.160526,51,23.517814
179.969918,68,23.773426
101.76966,48,23.957094
162.563051,62,24.19184
126.841875,55,24.398294
98.899956,49,24.584237
113.500304,52,24.777596
113.842904,52,24.97348
166.118518,64,25.217027
95.446633,48,25.395804
207.87373,73,26.061164
104.74274,50,26.254341
161.116607,62,26.480209
125.739403,55,26.682806
131.880466,56,26.894734
126.638669,53,27.093824
165.358947,64,27.34509
133.241158,57,27.562874
282.933981,91,27.898953
159.891121,63,28.143796
127.285578,55,28.361059
174.92246,64,28.615862
138.761985,58,28.840433
132.082806,56,29.061268
291.174024,96,29.438406
168.331757,64,29.686321
139.275015,58,29.908625
123.666914,53,30.105993
105.449745,50,30.307099
121.778667,54,30.511779
110.760215,50,30.703424
99.941677,48,30.888822
92.430426,46,31.065252
100.365454,49,31.261902
110.896759,52,31.464783
102.357682,49,31.655142
135.62828,57,31.878036
135.544478,57,32.102323
113.839657,51,32.304821
125.836499,55,32.520428
171.949713,65,32.7787
214.277295,75,33.071134
138.291364,56,33.296366
104.889465,50,33.502568
158.693012,62,33.743111
162.864694,62,34.356431
114.147063,53,34.56546
126.115792,56,34.778236
203.7832,73,35.057326
73.195176,43,35.221687
160.204197,62,35.457765
152.413857,61,35.685036
151.436493,61,35.915309
160.190793,62,36.149644
199.732322,71,36.422608
143.71183,57,36.636744
113.888541,51,36.832288
92.974285,47,37.014619
120.722745,53,37.221734
121.656046,53,37.431986
115.900875,52,37.626655
101.277589,50,37.813945
143.47322,59,38.043068
104.805088,49,38.240278
118.528968,53,38.44939
123.699312,54,38.6572
158.245596,62,38.904109
92.976082,47,39.09305
79.886325,44,39.263268
86.282653,46,39.447779
138.426474,58,39.670543
175.315943,65,39.922244
146.576403,60,40.151437
304.421607,97,40.524521
147.386532,59,40.751708
91.05434,48,40.939486
134.836931,57,41.161142
108.851233,51,41.364678
115.017769,51,41.560114
185.637303,67,41.817176
85.612943,45,41.989471
104.553129,51,42.551808
328.589783,100,42.950716
106.866828,51,43.150457
90.613768,45,43.322372
103.257655,49,43.518679
245.742629,81,43.830709
127.965564,55,44.035272
132.097315,55,44.244065
118.419514,54,44.457369
125.635859,55,44.671812
94.888798,47,44.859864
97.225622,49,45.045192
176.996468,67,45.314476
77.957564,44,45.489015
180.633492,67,45.758048
166.584712,65,46.009819
195.359541,71,46.275262
108.60992,49,46.473442
202.919506,73,46.761864
102.700812,49,46.955554
89.6428,46,47.138061
232.714754,79,47.45324
132.282112,57,47.676969
154.025954,60,47.915718
120.001017,53,48.125011
103.309175,50,48.322627
113.133746,51,48.528425
91.935871,47,48.709322
145.90468,58,48.933156
280.14646,91,49.289062
100.934096,49,49.488395
171.137811,65,49.745716
217.91984,76,50.043573
92.873772,47,50.222605
197.374605,71,50.860504
133.381407,56,51.11339
117.031705,53,51.317884
118.529217,53,51.522591
129.905746,56,51.805281
152.749018,61,52.045594
118.710453,53,52.247938
119.185894,53,52.464496
162.167165,63,52.714801
115.104877,52,52.916952
129.804927,55,53.121825
112.509238,52,53.316959
117.825025,52,53.520165
79.662319,45,53.692706
106.908116,50,53.880403
103.05655,50,54.074862
293.554971,93,54.433311
177.236409,66,54.692365
83.182301,44,54.861428
122.37216,53,55.063247
138.947952,58,55.286535
130.402219,56,55.507757
117.970216,53,55.707745
120.340027,53,55.908704
103.514665,49,56.097501
162.614196,64,56.33388
156.111075,63,56.584141
200.821303,72,56.870118
130.897357,55,57.080848
104.109337,50,57.277233
121.897817,54,57.492378
154.903214,61,57.731809
100.97577,49,57.921876
101.320933,49,58.109761
126.833892,54,58.320069
156.472393,62,58.568607
107.548995,51,58.762326
147.490318,59,59.377706
134.296806,56,59.613051
151.476485,61,59.842177
155.04902,61,60.068521
105.303837,49,60.247676
177.341256,65,60.489528
80.558868,44,60.662902
171.525014,65,60.90483
135.381964,57,61.117621
131.865096,57,61.337384
117.265611,52,61.533922
134.1243,56,61.753783
125.341448,56,61.967591
125.967472,54,62.174585
97.414345,47,62.351247
124.440938,55,62.563969
177.255366,68,62.819086
210.691083,74,63.106635
104.160451,50,63.306861
128.915497,55,63.517465
199.49739,71,63.797243
132.808998,56,64.012417
122.262813,52,64.216368
138.428722,56,64.436672
118.984676,54,64.650468
128.280461,54,64.858584
85.578122,45,65.036084
141.485685,59,65.265514
136.538659,56,65.478079
202.260388,73,65.758577
461.020922,132,66.272456
133.261351,57,66.481058
163.232551,63,66.703975
160.990934,64,66.917565
140.678801,58,67.451959
124.096379,55,67.705091
107.692012,51,67.901326
152.265898,61,68.130189
122.659183,55,68.329395
254.660169,85,68.6329
106.381254,50,68.806956
87.707242,46,68.973079
175.140032,66,69.205532
173.577115,65,69.439804
127.865175,54,69.63498
124.730799,54,69.825844
131.758196,56,70.018594
190.225568,69,70.281845
161.735211,64,70.516578
114.340179,52,70.704547
113.250616,51,70.889194
135.784748,57,71.084941
197.099168,71,71.338774
197.28345,73,71.600386
167.835169,65,71.833253
110.908204,51,72.018216
96.954268,48,72.185339
78.347627,44,72.342831
218.603171,78,72.622259
153.806515,62,72.836234
198.413174,71,73.089295
135.397236,57,73.292533
133.654128,56,73.490358
77.071194,44,73.649998
150.81576,60,73.865954
112.442114,52,74.050641
150.407172,61,74.2662
115.314692,52,74.452406
295.41537,95,74.789965
467.639856,136,75.727152
147.563063,59,75.943136
112.159213,50,76.124846
87.354807,45,76.28124
126.471054,55,76.475662
204.233647,73,76.728914
156.751898,60,76.943442
199.749153,71,77.232183
90.533163,47,77.400319
174.376105,66,77.643758
154.219937,61,77.862388
120.098825,53,78.049322
97.382385,48,78.219649
254.624236,84,78.514516
105.586967,49,78.690608
258.064946,86,78.996333
231.762163,79,79.285964
137.083298,58,79.491714
145.407283,57,79.694531
109.407058,51,79.879903
117.106667,54,80.071092
167.954908,65,80.296028
143.639945,60,80.504889
157.819364,63,80.728862
126.378831,54,80.917711
193.13767,70,81.174704
128.308255,56,81.373833
140.658905,57,81.578032
133.581555,57,81.77924
127.595726,56,81.974513
164.617988,63,82.19364
140.375109,58,82.395699
107.449459,50,82.571815
113.599488,52,83.164643
111.463375,52,83.358545
137.270248,58,83.570207
88.558391,46,83.74424
83.133827,45,83.904979
141.19934,59,84.114692
108.279487,50,84.291865
123.051458,53,84.475454
120.338784,53,84.661232
156.969896,62,84.877991
139.560827,58,85.081
175.072298,67,85.319019
113.320337,53,85.504144
105.538045,50,85.686157
218.90588,76,85.957393
137.527637,57,86.148742
96.19381,47,86.314083
110.722927,51,86.487453
186.594901,69,86.738519
210.283011,74,86.999536
126.651889,55,87.196497
144.498544,59,87.403625
127.882809,56,87.602481
128.37646,55,87.798774
174.079963,65,88.029282
195.855567,71,88.277967
110.259879,53,88.466383
86.11654,46,88.623681
98.460143,48,88.814302
118.35434,52,88.997373
124.780449,54,89.185807
127.7281,56,89.386713
168.725163,66,89.617794
113.913287,52,89.809437
106.294048,50,89.983993
278.818622,90,90.667972
95.052957,48,90.89256
105.852505,50,91.081019
141.49373,59,91.296239
73.7622,43,91.449374
114.33728,51,91.631189
101.047415,48,91.808033
131.131841,56,92.007633
109.85701,51,92.188917
176.45566,67,92.422256
112.952529,52,92.603449
220.549356,77,92.875315
200.804904,72,93.129334
267.677533,88,93.440817
153.63333,61,93.653966
124.246474,54,93.8553
123.837594,54,94.052424
132.577002,57,94.255371
109.032828,52,94.43335
137.190722,56,94.627428
96.557555,47,94.805434
170.059862,65,95.030415
168.592345,64,95.252243
107.870926,50,95.428252
181.159328,67,95.660689
83.517181,45,95.822165
231.8939,80,96.107735
150.171145,60,96.320654
146.140468,60,96.535453
106.979909,52,96.714354
173.334986,66,96.949617
166.649211,65,97.183018
104.642979,50,97.358988
106.790956,50,97.537197
156.366591,63,97.7572
150.505808,60,98.319494
126.048386,54,98.578908
119.372265,54,98.781698
112.394084,51,98.96784
102.672147,50,99.152736
112.512254,51,99.332224
98.058307,48,99.50456
130.323569,55,99.698377
96.010288,47,99.865633
107.022253,50,100.068898
76.28573,44,100.219248
121.22442,54,100.408997
144.630031,58,100.616655
139.434994,58,100.832101
116.039965,53,101.02446
78.053354,43,101.177539
127.233119,55,101.371526
125.636721,55,101.559522
107.321329,51,101.74059
109.135179,52,101.93099
154.795583,61,102.14603
158.098056,62,102.365431
163.656318,63,102.586809
97.242891,49,102.758647
119.155805,53,102.947345
100.795856,49,103.122811
123.207982,54,103.313753
118.040878,53,103.499343
165.264128,63,103.718636
157.0695,61,103.941459
99.361001,49,104.112333
117.648607,52,104.298921
125.655945,53,104.488087
158.751745,62,104.704088
118.579256,53,104.8959
102.916137,50,105.086013
131.631578,57,105.289459
162.7065,63,105.515021
138.958447,58,106.152719
102.609032,49,106.384212
125.530917,55,106.579638
103.644022,49,106.759149
286.151597,91,107.092657
136.144147,56,107.295816
166.373388,66,107.530198
127.918255,54,107.717183
101.734342,49,107.889547
141.433941,58,108.095964
106.92162,50,108.271092
120.82674,54,108.463693
117.314039,52,108.650862
99.464318,49,108.825341
165.755903,64,109.057331
114.957525,52,109.246437
115.353478,53,109.436471
119.681311,53,109.620414
114.668206,52,109.813067
130.075805,56,110.016874
131.235297,56,110.213076
96.381329,48,110.384937
130.005424,55,110.581152
136.249321,57,110.782711
139.213472,57,110.993747
98.342847,48,111.164844
104.355571,49,111.337147
135.24166,57,111.539997
155.588183,61,111.75738
144.721103,59,111.96966
195.798243,71,112.224024
138.853572,59,112.429333
105.263179,51,112.609707
144.157217,59,112.820088
121.748713,54,113.016571
115.361059,52,113.199914
122.514357,53,113.391574
182.89177,68,114.000726
138.308404,58,114.229652
112.797649,52,114.419944
112.969873,51,114.605074
125.224406,54,114.800262
135.018591,56,115.004796
136.864914,58,115.215296
122.469733,53,115.402464
124.282761,55,115.592895
128.132099,56,115.796823
162.144483,62,116.017943
137.25055,58,116.224485
139.682072,58,116.434985
150.784216,61,116.64883
198.68699,70,116.899208
241.629162,82,117.193941
191.840132,70,117.441016
139.370755,59,117.650736
113.696526,52,117.836252
157.127009,63,118.065377
129.366485,56,118.265631
150.138704,61,118.482105
182.934767,68,118.721195
162.548088,62,118.947789
124.354862,54,119.149466
141.503125,59,119.359389
175.949004,66,119.594168
133.027772,55,119.79229
155.068578,61,120.011119
118.913445,53,120.199294
91.760249,46,120.362009
164.141536,62,120.582825
160.914393,63,120.808658
128.8886,55,121.006249
119.958283,53,121.196455
154.579977,61,121.873487
113.091859,52,122.073412
106.657324,50,122.256288
110.81591,50,122.441193
86.633429,45,122.605604
207.650888,73,122.862373
152.337682,60,123.106885
140.257283,58,123.319944
145.190958,59,123.538467
165.535006,62,123.763425
134.286262,56,123.96261
122.370401,54,124.162933
186.243723,68,124.407837
162.50563,63,124.628811
145.80195,59,124.84315
106.725768,49,125.021976
153.197077,61,125.238633
181.368602,68,125.483215
265.519603,88,125.795084
117.55912,53,125.987086
117.012784,53,126.179892
146.139099,59,126.391355
180.942756,68,126.634318
193.243219,70,126.883168
121.071927,53,127.075356
174.860918,65,127.311908
131.911328,56,127.506428
173.519662,65,127.739302
176.211187,66,127.97391
126.103198,54,128.176522
128.981404,56,128.373724
229.178405,80,128.657651
149.926299,60,128.871948
138.053153,57,129.079246
100.904145,49,129.684035
122.01558,54,129.889391
98.851928,48,130.069809
132.847381,57,130.277861
177.770907,66,130.516115
146.193646,58,130.726522
115.500245,52,130.915707
173.404568,67,131.158697
244.477358,83,131.455593
136.933057,58,131.659577
127.230041,55,131.856304
98.936826,48,132.030802
115.800828,51,132.215546
211.893739,74,132.476745
127.015662,54,132.670375
120.641327,53,132.854331
115.055623,53,133.044907
205.828932,73,133.314654
112.170481,51,133.493417
154.847424,61,133.708652
125.770127,55,133.905823
202.178587,72,134.162734
147.780728,59,134.375232
124.087083,55,134.576657
151.827062,61,134.794964
100.655148,49,134.968296
113.964263,51,135.158121
127.492242,55,135.362599
190.012893,69,135.617599
133.182646,56,135.815596
151.848862,60,136.028031
141.435643,59,136.24311
71.542154,42,136.392061
166.161507,64,136.616674
105.500266,49,136.791451
104.488424,49,137.373297
134.827754,57,137.635134
101.215753,48,137.815041
107.016328,50,138.001624
135.454691,56,138.209008
141.88668,58,138.417542
129.550592,56,138.621468
161.542054,63,138.84815
126.283085,54,139.040581
147.717709,58,139.252956
190.551639,70,139.496441
129.965777,56,139.700184
145.313102,59,139.915828
129.128722,55,140.115685
118.23375,54,140.311754
201.06301,72,140.565419
128.781491,55,140.758919
104.877202,50,140.940267
162.526304,63,141.170107
174.731217,66,141.40993
150.301068,60,141.62852
219.426181,75,141.894581
264.178032,87,142.206668
102.98417,49,142.382589
157.739754,62,142.606834
127.739585,55,142.805158
128.96656,54,142.996843
111.827432,51,143.181427
119.669524,52,143.369768
100.977194,48,143.542182
148.11944,59,143.75948
109.755899,51,143.941736
186.993678,70,144.196069
102.60625,50,144.369758
128.328234,57,144.572078
145.832252,59,145.162536
160.100948,63,145.45746
160.075243,61,145.685246
143.785087,60,145.911148
129.412528,55,146.104934
177.920166,67,146.354753
115.090633,53,146.549236
125.751619,55,146.750958
188.219643,70,147.005699
179.765366,66,147.24224
140.794006,57,147.442207
123.536524,54,147.670716
136.628927,57,147.874798
130.076251,55,148.067932
173.181767,65,148.307058
170.463956,65,148.542506
105.776309,50,148.731931
113.157798,52,148.926915
164.597208,64,149.155216
146.571388,60,149.376875
102.933563,49,149.551722
160.363049,63,149.778913
126.715203,54,149.971978
192.37768,69,150.219072
90.168591,46,150.379133
203.222178,72,150.640709
116.575211,52,150.833741
146.141351,59,151.044337
107.752273,50,151.231021
94.353653,47,151.401382
132.631059,57,151.602055
136.062486,57,151.813388
156.142466,61,152.027336
375.302128,113,152.436739
106.169377,51,152.62316
114.360655,51,153.196885
91.410558,47,153.384471
168.538197,64,153.619543
95.340821,49,153.799689
166.692932,64,154.038677
125.130663,54,154.238918
150.403643,61,154.458517
112.696532,52,154.647068
99.328077,49,154.83106
365.16122,110,155.232216
119.29875,54,155.420618
123.54155,53,155.610885
181.221273,68,155.860486
121.423457,54,156.057445
139.098978,58,156.270692
120.731234,53,156.467329
152.30729,61,156.683995
271.426643,88,156.996631
206.359683,73,157.260704
130.75615,56,157.461967
164.071717,63,157.690207
123.002366,53,157.887366
234.405294,79,158.17241
151.347688,60,158.386145
160.435465,62,158.60587
349.019545,106,158.989378
126.508088,55,159.188416
142.327531,58,159.401693
88.793971,44,159.555689
104.674822,51,159.738338
121.748017,54,159.935207
135.911516,57,160.141292
345.055266,104,160.515494
125.203115,54,161.139253
191.841746,70,161.407939
147.514584,59,161.62424
124.519126,54,161.823271
107.414083,49,162.006171
163.764869,63,162.233524
109.167755,50,162.420139
98.594118,49,162.596408
119.161885,54,162.787648
132.243116,57,162.992144
123.907121,54,163.185933
95.21548,48,163.363597
121.253618,54,163.562126
139.533798,58,163.774161
114.180539,52,163.967782
139.817723,59,164.181058
105.984636,49,164.356754
132.902122,57,164.562382
261.034176,86,164.87421
88.079674,46,165.042233
137.516272,57,165.246625
169.893354,63,165.48735
92.548339,47,165.653609
112.317004,51,165.840467
137.320467,57,166.052984
108.912604,51,166.24067
142.389624,59,166.455559
135.575004,58,166.662654
161.214618,63,166.886888
107.859148,50,167.061752
136.224378,57,167.268364
141.187976,58,167.48143
219.398119,76,167.753265
153.504379,60,167.969771
132.698764,56,168.167045
136.721895,56,168.371044
149.592227,60,169.004285
161.155258,62,169.240227
286.372846,93,169.58245
139.07954,58,169.799687
130.843637,57,170.009854
127.830094,57,170.220021
162.856201,64,170.455346
189.283744,69,170.706218
184.485303,68,170.953623
124.983743,55,171.151412
140.471356,59,171.364485
121.393184,54,171.563435
145.564418,58,171.774496
125.155253,54,171.965875
104.080329,51,172.157855
104.107446,50,172.337559
139.69391,58,172.550457
155.580783,60,172.768647
123.363497,53,172.963199
119.822019,55,173.161892
163.31476,64,173.390369
115.627375,52,173.577238
138.853938,57,173.78442
90.69719,46,173.952727
128.599923,55,174.152597
134.810961,56,174.357636
189.305286,70,174.612351
148.01929,60,174.830756
169.886225,65,175.068321
100.779363,50,175.253639
99.752599,48,175.428908
175.590099,66,175.663423
126.487996,55,175.858954
97.535341,49,176.039304
129.197261,55,176.237107
115.176216,52,176.861599
139.486754,58,177.085617
157.921057,60,177.304848
99.778797,47,177.477624
143.660002,58,177.691315
123.590612,55,177.895096
143.135236,58,178.103907
136.386148,57,178.310529
135.130634,57,178.523585
104.610097,50,178.704433
143.005443,58,178.915526
210.482082,73,179.175454
128.370778,56,179.378358
114.12249,53,179.574926
115.081552,52,179.76167
112.394782,52,179.950235
172.025874,66,180.19161
168.671925,65,180.430318
175.824712,66,180.668962
203.093771,73,180.930384
207.619067,74,181.198992
120.057582,53,181.387279
89.513946,46,181.55783
170.148053,65,181.78807
111.726313,51,181.973171
129.728032,56,182.176455
128.336913,55,182.375909
114.674172,53,182.57509
135.241225,56,182.775982
206.294342,73,183.042446
185.924701,68,183.284933
203.150393,74,183.557858
97.868618,49,183.736896
111.389925,52,183.924123
165.873188,64,184.158995
149.569906,61,184.816692
94.005091,47,184.992415
147.975649,61,185.225014
147.680161,59,185.507882
147.598262,59,185.733763
160.128291,62,185.966705
154.522733,61,186.190461
142.12147,58,186.402841
89.324167,45,186.574206
133.105412,56,186.777565
140.523911,58,186.986905
177.649238,67,187.240195
115.874233,51,187.421289
302.964756,96,187.775259
103.388595,50,187.953495
133.956987,56,188.157734
101.827557,49,188.334117
361.644825,110,188.751771
144.971003,59,188.973817
116.754116,52,189.163658
129.987157,55,189.368225
153.535186,61,189.594297
105.59736,51,189.796575
79.484588,45,189.960719
200.889156,72,190.227668
139.995973,58,190.439693
162.186323,62,190.669799
89.493944,47,190.841517
108.432227,51,191.022466
223.298052,77,191.305326
115.280812,53,191.503017
120.841875,54,191.698694
158.943562,62,191.924426
164.785569,64,192.159618
124.278429,54,192.800134
248.269093,84,193.131283
108.504365,51,193.321574
156.459388,62,193.553754
189.931568,70,193.813871
133.776239,56,194.019795
552.492083,155,194.596429
117.972019,53,194.797231
118.040697,52,194.986969
136.971081,57,195.194866
140.811463,58,195.40765
177.108209,66,195.664438
126.10929,55,195.866138
98.642887,49,196.069958
185.630962,70,196.327467
137.000147,57,196.533557
131.978587,56,196.743143
135.793796,57,196.95452
89.74586,47,197.125566
135.50406,57,197.33068
164.849626,65,197.573699
158.725057,61,197.794032
80.370599,44,197.95416
154.475521,61,198.172488
105.728615,51,198.358284
191.258372,70,198.615923
111.28761,51,198.798964
108.169485,50,198.97776
161.138578,62,199.203002
272.913582,89,199.527277
183.459824,69,199.785073
225.691472,78,200.063355
391.664277,116,200.961475
175.620106,67,201.214759
129.816272,55,201.414885
76.730477,44,201.577819
117.294868,53,201.772762
125.642301,54,201.966507
201.57976,72,202.233053
171.027739,66,202.471853
192.410272,71,202.742447
123.97397,56,202.948183
166.302714,64,203.180166
211.320328,76,203.456985
162.699786,63,203.692046
96.423297,48,203.866298
123.618874,54,204.06351
108.041847,50,204.245701
118.791249,52,204.433838
92.718051,47,204.606595
111.257831,51,204.799052
244.132663,83,205.098385
120.38299,53,205.294289
225.909883,79,205.579958
113.976053,52,205.774267
186.297864,68,206.023283
174.667601,66,206.263419
182.955566,68,206.511724
167.614415,65,206.750065
86.621195,47,206.92347
164.916972,64,207.157722
92.202675,47,207.322639
117.856112,53,207.514993
138.534842,57,207.726262
184.552463,68,207.970382
161.529639,62,208.195969
168.588373,65,208.912188
120.36169,54,209.124007
124.900665,54,209.328911
126.740785,54,209.525997
101.038748,49,209.711441
112.406982,51,209.897351
195.909118,72,210.160726
122.86318,54,210.355946
158.183219,62,210.582159
161.072431,62,210.815379
109.322149,52,211.002486
145.200261,59,211.222298
140.431376,58,211.427159
163.794054,62,211.652409
180.972951,66,211.898685
116.569048,52,212.085761
100.852762,50,212.270902
112.377506,52,212.460055
194.452313,70,212.712682
144.298596,59,212.929042
107.66174,50,213.113096
136.764967,57,213.318995
128.766538,55,213.517212
181.388632,67,213.765106
154.206499,62,213.990817
91.188657,48,214.168576
104.493995,49,214.345976
110.062621,51,214.53421
98.750762,48,214.708623
202.719553,72,214.980411
158.500696,63,215.210154
142.297153,59,215.426565
129.670805,55,215.624415
200.552732,72,215.891234
150.452349,60,216.114336
131.925181,56,216.769634
128.841853,56,217.011899
96.335512,48,217.193691
201.79761,72,217.464666
223.030625,77,217.754561
83.42714,45,217.919294
126.692597,55,218.124358
139.406133,58,218.333509
182.191542,67,218.577341
144.401784,59,218.796608
180.090523,69,219.052531
189.770128,69,219.303192
138.628533,56,219.501067
117.035601,53,219.695102
126.902147,55,219.904861
259.065419,86,220.221748
184.652649,68,220.465179
119.328804,54,220.661493
158.655898,64,220.901733
120.958019,52,221.091581
141.841878,57,221.29649
161.405906,64,221.525313
158.780097,61,221.746507
117.00701,53,221.943275
77.54863,45,222.110024
117.976753,52,222.297471
116.385184,52,222.484207
108.979051,51,222.670882
130.599216,55,222.878336
173.059202,66,223.118643
140.462728,59,223.337435
115.706101,52,223.525352
121.765817,54,223.721452
122.011947,53,223.924037
125.264835,54,224.123717
132.916113,56,224.727164
115.78996,54,224.97484
167.833374,65,225.219707
106.317356,49,225.402238
95.695381,48,225.582788
115.034703,52,225.782245
119.760044,53,225.986872
264.714384,87,226.307812
109.709792,51,226.490549
123.561784,53,226.681369
126.074726,54,226.884385
169.221741,65,227.121353
123.830361,54,227.319239
117.102736,52,227.508976
100.372554,49,227.683182
135.317069,57,227.895476
132.019916,56,228.101268
154.977188,60,228.321192
152.250404,61,228.544055
136.805934,58,228.756056
162.047803,62,228.986769
136.27725,56,229.190089
101.48995,50,229.371629
201.770888,73,229.635739
252.690638,86,229.96103
132.266533,56,230.16561
194.743794,70,230.420612
218.34238,75,230.691458
145.833566,60,230.912411
202.973404,72,231.179162
185.486076,67,231.421848
142.723092,58,231.630724
195.003628,70,231.893409
125.02818,54,232.089779
107.479028,50,232.640539
202.138729,73,232.981188
126.234973,54,233.185026
172.39118,65,233.42801
141.512429,58,233.637545
155.526967,61,233.869422
111.040719,50,234.093795
140.904824,59,234.35203
114.352695,53,234.588668
207.849862,75,234.921115
116.956284,53,235.142527
125.036378,55,235.37593
157.608876,63,235.619632
126.110064,55,235.829928
151.609346,60,236.058472
109.451564,51,236.250408
92.358162,46,236.431499
162.944624,63,236.659787
138.62495,58,236.893791
121.542488,53,237.096544
206.961445,76,237.377502
186.065454,68,237.647438
134.900943,57,237.865496
141.822865,58,238.0904
121.451652,53,238.285937
155.868813,61,238.507497
132.428817,57,238.712928
130.03005,56,238.925355
113.647547,52,239.119853
162.676488,62,239.347276
97.093218,48,239.525036
201.493215,72,239.789753
178.8346,67,240.042063
160.270527,63,240.27349
138.154686,58,240.484542
129.421204,56,241.212812
87.710177,46,241.398044
94.5884,47,241.576843
184.83887,68,241.826309
119.141071,53,242.021418
138.056367,58,242.232916
158.308397,62,242.460479
141.748662,58,242.671672
115.745501,52,242.856938
96.659985,48,243.037129
141.631497,59,243.254444
178.962079,66,243.494143
176.305775,67,243.740454
168.155521,64,243.982243
125.021038,54,244.183716
142.668386,59,244.398523
133.480823,56,244.605199
173.408896,66,244.85054
171.718282,65,245.118563
160.572243,63,245.349998
120.713031,54,245.547541
205.024307,74,245.8159
366.068778,112,246.23112
158.463907,62,246.464153
119.748998,53,246.661975
124.717314,55,246.859963
119.77281,53,247.057774
130.188939,55,247.257637
102.068739,50,247.435631
133.380688,56,247.637927
144.123714,59,247.853474
122.385585,54,248.056694
114.447022,52,248.249728
180.914848,68,248.500055
143.439151,59,249.117326
203.355341,73,249.445452
126.313697,55,249.65371
142.132546,57,249.868999
208.669833,74,250.149736
151.482335,61,250.375675
151.977084,60,250.599273
223.014147,76,250.876909
128.718345,55,251.080055
149.887711,60,251.306248
184.504647,68,251.560835
141.901506,57,251.775131
173.729314,65,252.016953
86.484891,46,252.185194
162.81651,64,252.429412
131.928564,56,252.632498
127.615273,55,252.826322
125.317566,53,253.027116
193.939855,70,253.286906
132.287475,55,253.485484
110.428078,51,253.670547
133.733883,57,253.877662
161.20061,63,254.10769
125.070459,54,254.310414
215.863208,74,254.580863
283.758264,92,254.922168
166.393621,64,255.156313
78.629155,43,255.313617
129.452434,56,255.522434
144.252183,59,255.746842
149.399414,61,255.980064
137.053546,58,256.199718
154.813866,62,256.427259
345.626716,105,257.204325
153.09295,60,257.470659
123.247622,55,257.677068
124.704659,54,257.882403
125.044292,54,258.089251
106.030839,51,258.273273
180.664756,67,258.52019
158.84887,63,258.753649
118.695706,53,258.945347
140.292829,57,259.152284
142.805113,59,259.370799
95.697172,48,259.551055
160.119448,62,259.777261
114.39657,53,259.975596
193.665596,71,260.237413
156.247085,62,260.468512
196.122561,70,260.727188
120.844321,53,260.918892
70.251198,42,261.080602
168.177375,63,261.308114
147.008512,60,261.531547
133.224371,57,261.73982
88.116626,46,261.902814
221.143571,77,262.187818
113.565632,51,262.373432
93.951121,49,262.553242
129.577779,56,262.758196
137.75027,58,262.971256
95.124975,46,263.144267
138.772334,57,263.353979
122.800486,54,263.555345
259.893203,86,263.869109
172.085625,65,264.114435
195.939248,71,264.377288
139.843781,58,264.593558
128.026069,56,265.212517
154.542366,61,265.494244
79.083235,44,265.664584
98.134052,49,265.849573
182.515054,67,266.104989
153.922748,62,266.330773
94.960428,47,266.504045
153.706989,61,266.734142
111.385593,51,266.919695
143.491277,60,267.143397
161.702222,63,267.378444
386.516254,114,267.800593
148.953236,60,268.021213
144.649934,58,268.236773
121.482213,54,268.43763
82.807986,45,268.603192
102.333609,49,268.790267
101.184763,49,268.972213
135.562059,57,269.187353
118.250393,53,269.379555
129.995889,55,269.587143
179.691184,66,269.833719
145.746695,59,270.050083
116.759121,52,270.249844
131.948059,56,270.453995
98.335445,49,270.651305
163.152212,63,270.890191
409.743855,120,271.338274
170.003793,65,271.588148
177.229271,67,271.833663
121.668399,53,272.029778
151.666766,61,272.259835
118.908415,54,272.465615
186.825696,69,272.716156
132.687812,56,273.339423
152.639825,61,273.602294
269.292208,86,273.932362
84.138264,46,274.107028
118.803699,52,274.30957
145.205403,58,274.525799
157.932763,61,274.751462
129.784612,55,274.948698
112.116241,51,275.133612
154.045486,61,275.36386
132.766844,56,275.574974
93.526456,47,275.749684
100.827809,49,275.925544
258.592668,88,276.252311
92.145327,48,276.425862
268.184368,88,276.753331
100.138431,50,276.933813
139.299264,58,277.147142
150.376363,60,277.374633
144.159569,59,277.590587
296.123524,96,277.951653
146.087183,59,278.169143
179.522328,67,278.417965
138.294905,57,278.62729
157.911631,62,278.855728
237.862066,81,279.154412
151.576179,61,279.38979
127.309244,54,279.597776
161.867606,62,279.827759
193.789632,71,280.085393
210.653029,74,280.360648
91.653299,47,280.537205
126.89363,55,280.744251
146.259666,59,281.354624
141.077748,58,281.63127
123.52849,54,281.841587
245.291387,82,282.153552
126.459826,55,282.359232
120.65408,54,282.558091
178.573542,65,282.796076
151.565634,60,283.013951
98.944036,49,283.198118
117.658337,52,283.392042
130.993895,56,283.61934
118.309805,53,283.849761
193.775728,70,284.148257
145.979315,60,284.398493
120.913791,55,284.624334
129.569286,56,284.841014
198.480901,70,285.101755
113.333173,52,285.299834
181.519658,68,285.556281
150.512988,61,285.77881
170.135595,64,286.037242
154.893279,62,286.284148
150.88877,59,286.506365
192.674203,70,286.76724
150.799186,64,287.006446
219.286876,77,287.290518
122.612192,53,287.482677
136.381606,57,287.690059
115.803642,52,287.883777
246.365245,83,288.190495
127.111738,54,288.39151
151.329663,61,288.619662
96.181897,48,288.800107
154.153636,61,289.022098
95.47059,48,289.635315
123.868265,54,289.9073
218.025572,77,290.201665
164.09179,64,290.452042
129.495719,55,290.659972
131.673744,57,290.868153
186.294903,68,291.122943
134.958959,57,291.333669
148.930908,59,291.551904
195.016041,71,291.816866
159.242594,62,292.040532
185.240105,67,292.287124
105.361816,50,292.47366
115.939005,53,292.667456
115.525546,53,292.861304
115.775434,52,293.051611
137.756814,57,293.257634
160.565187,63,293.493541
140.854792,57,293.708279
128.155184,54,293.908057
131.643941,57,294.123998
109.638593,50,294.311845
187.497115,68,294.590202
135.754191,57,294.799084
97.257741,48,294.977066
121.201526,54,295.178528
160.546691,63,295.413817
130.336445,55,295.615155
181.483818,68,295.870607
89.963575,46,296.040406
140.067564,58,296.254109
145.429854,60,296.479628
117.020829,54,296.680876
123.77287,54,296.884291
193.307912,71,297.15712
313.507321,98,297.998682
123.584154,54,298.209701
256.353481,85,298.533137
153.47642,61,298.760928
174.654525,65,299.005186
116.547089,51,299.197297
140.514569,57,299.418767
172.22892,66,299.666642
124.331067,54,299.864671
157.442259,62,300.095666
122.322501,54,300.294893
113.979659,52,300.493595
130.855098,56,300.703064
168.753901,65,300.948277
135.960209,57,301.166821
157.378528,61,301.392614
84.33801,46,301.565482
122.530206,54,301.761925
164.853639,64,302.001614
91.30057,46,302.172907
126.625418,55,302.382614
223.724865,77,302.669748
165.39839,64,302.904912
109.587102,52,303.094246
169.552351,64,303.333574
113.323689,52,303.530638
329.623357,102,303.913443
147.531789,59,304.134384
126.351283,56,304.350098
194.537587,71,304.614605
182.837102,67,304.868404
128.278168,55,305.068991
111.300399,51,305.25717
199.432169,71,305.899193
148.233775,59,306.184257
100.329783,48,306.374152
118.288601,53,306.581362
96.758933,48,306.761153
196.550042,70,307.023039
102.398677,49,307.204443
343.632413,107,307.607428
99.97921,49,307.793158
170.558172,65,308.033816
254.410703,83,308.343272
192.523088,70,308.606957
179.433227,67,308.851754
154.530701,62,309.075418
98.106529,49,309.257387
186.279355,68,309.517965
142.532864,59,309.739321
155.542574,61,309.966243
119.801072,54,310.166439
104.097854,49,310.354267
115.191574,52,310.547089
163.332635,64,310.78127
114.055812,52,310.973265
97.048332,48,311.147722
128.524335,56,311.358817
133.82125,55,311.565033
208.225776,73,311.839877
131.224225,55,312.044219
83.623795,45,312.208105
128.599679,55,312.413848
120.82875,53,312.607154
136.676648,58,312.819642
144.995785,60,313.043718
135.429942,57,313.257539
143.643057,58,313.47491
125.649712,55,314.123864
107.259591,50,314.347995
168.531915,64,314.601909
149.930992,61,314.837334
123.018024,54,315.040333
195.949638,72,315.303545
119.918348,54,315.505456
131.3039,57,315.717671
411.175575,122,316.18829
161.796276,63,316.428281
227.001538,77,316.717605
98.837934,49,316.899731
219.610532,76,317.179575
225.450208,78,317.484528
150.326245,61,317.717762
152.094913,60,317.940834
116.242035,52,318.138246
229.497314,78,318.430261
106.595843,50,318.615982
143.797643,59,318.841051
161.667897,64,319.077961
117.732197,53,319.270185
113.233101,52,319.465262
96.382537,47,319.642266
117.941924,53,319.843267
125.778163,55,320.043781
145.076371,60,320.26769
141.57151,58,320.486654
210.698522,75,320.761409
160.396268,63,320.994965
87.440972,47,321.168806
108.117231,50,321.350899
114.150354,52,321.554055
107.449003,50,321.73639
188.338308,69,322.450384
107.112564,50,322.649162
136.496935,57,322.868801
346.955045,107,323.26633
143.54777,58,323.484262
190.343742,70,323.743237
379.474123,112,324.153373
169.357906,65,324.392948
101.664245,50,324.586038
139.555836,58,324.805513
169.718211,65,325.043566
128.134166,54,325.240643
191.359039,69,325.500233
141.782236,59,325.715585
155.861344,61,325.940231
200.321705,71,326.199128
135.01251,56,326.40051
108.042498,49,326.586116
171.684257,65,326.829643
166.710795,64,327.0673
188.17837,69,327.321034
165.603314,67,327.569231
144.882735,59,327.785397
220.541743,75,328.068473
164.05798,64,328.304878
190.106527,70,328.563166
130.381212,56,328.77463
139.058612,58,328.989089
171.535313,65,329.230863
188.856548,70,329.494879
119.542721,53,329.692895
169.596837,65,330.3686
116.277475,52,330.605845
161.792261,63,330.849098
81.822938,43,331.015846
230.019759,80,331.310162
127.339399,56,331.520792
105.246235,49,331.70825
160.436205,63,331.943511
123.798176,55,332.147526
116.147705,54,332.345387
194.036556,71,332.608412
221.151324,76,332.888736
116.514639,53,333.080196
161.321045,64,333.312851
240.886118,81,333.61833
239.811987,81,333.912484
166.572756,64,334.151491
134.099914,57,334.359437
212.799584,75,334.648897
212.487456,74,334.924544
183.197283,69,335.177077
126.45656,55,335.379123
118.837281,54,335.576889
112.654408,51,335.765415
130.445761,56,335.971005
145.937668,60,336.191091
120.646009,54,336.38631
166.866281,64,336.63078
242.89992,82,336.927677
133.604461,56,337.134818
120.978501,54,337.331015
62.274341,39,337.475847
139.309557,57,337.692707
112.181031,51,337.882937
147.060011,59,338.557991
178.279987,67,338.823723
124.667335,55,339.033998
160.776321,62,339.265042
139.020455,58,339.486525
190.649079,70,339.759452
95.327845,47,339.941165
119.238641,54,340.153505
111.713708,52,340.351759
123.749087,54,340.557646
115.533587,52,340.757081
135.340965,58,340.970447
160.141648,62,341.193578
139.218692,57,341.400866
165.535972,64,341.641096
151.242789,60,341.862753
136.098666,58,342.077151
184.795999,69,342.327969
171.165248,64,342.561744
118.445246,53,342.757638
148.719166,59,342.974387
116.23875,52,343.16837
226.798233,78,343.45282
153.823499,62,343.68396
245.528155,82,344.013809
118.278744,53,344.205261
179.925263,68,344.453468
165.004097,65,344.698837
289.233909,93,345.045321
164.290424,62,345.275073
116.320066,52,345.463478
212.597469,74,345.742945
144.897373,58,345.979102
143.82568,58,346.742759
196.989216,72,347.038421
122.280507,55,347.247473
108.340463,50,347.437557
164.772953,64,347.678896
173.127952,66,347.926667
109.83489,52,348.118367
115.460915,53,348.311327
121.501876,53,348.500174
145.114446,58,348.714449
389.157629,116,349.14242
113.264097,51,349.331226
113.481078,51,349.52234
131.433395,56,349.736551
118.64872,53,349.935435
251.172519,84,350.24787
157.992683,62,350.472148
149.153865,60,350.695109
154.485706,62,350.929142
148.245509,59,351.147503
109.960522,52,351.337428
163.794381,63,351.572828
187.084668,69,351.830224
229.955628,79,352.119124
109.603928,51,352.300177
145.215372,58,352.513598
156.376248,62,352.747448
152.437117,62,352.980748
95.958148,48,353.157379
130.338221,56,353.361335
120.633049,53,353.555458
107.968236,51,353.745623
183.099903,68,354.00944
138.729433,57,354.220839
166.886815,64,354.958211
180.001912,66,355.212578
142.358617,58,355.435855
119.347752,53,355.636084
113.068279,52,355.835354
148.868755,61,356.068387
172.635428,65,356.30879
306.799083,97,356.661623
248.782974,85,356.983745
99.60162,49,357.167158
106.475877,50,357.352563
98.858277,48,357.527669
147.736517,59,357.74479
127.85457,55,357.952943
142.076364,59,358.167238
200.925973,73,358.434588
173.832896,65,358.682093
110.994371,51,358.871568
124.196994,54,359.072236
125.974556,55,359.274269
156.464657,61,359.494927
144.846072,59,359.716335
166.683558,64,359.958598
193.837363,69,360.216372
117.912227,52,360.412889
182.306365,68,360.666425
140.174818,59,360.887906
119.688649,54,361.092149
214.694054,74,361.365366
234.993411,80,361.661386
151.099299,61,361.885797
133.143765,56,362.093004
121.432746,53,362.28923
107.328167,50,362.913322
173.18604,66,363.201901
142.832481,58,363.424879
162.923902,62,363.659661
143.439451,58,363.881221
147.373401,59,364.103436
234.733146,80,364.397151
115.119693,53,364.588642
137.573024,57,364.806652
152.672467,60,365.030504
435.993976,125,365.498303
108.562814,50,365.685432
131.249313,56,365.89087
131.667314,56,366.09656
152.362406,61,366.323785
176.899327,67,366.575938
98.559323,48,366.756135
148.239186,59,366.973216
143.618412,59,367.190166
151.895867,61,367.411409
154.090722,61,367.640366
145.840225,59,367.864325
177.055889,67,368.117176
157.039377,62,368.347782
210.032957,75,368.615448
155.156491,61,368.843981
166.346151,63,369.083929
256.718375,85,369.401155
156.494672,61,369.626778
192.138,70,369.887504
211.977423,74,370.167294
150.474343,60,370.393219
127.141969,55,371.036221
259.21047,86,371.403714
109.274521,51,371.600258
96.362768,49,371.790711
166.500229,64,372.028676
135.015456,57,372.242103
139.88993,58,372.461909
153.21545,61,372.68365
156.228265,61,372.908324
208.784212,73,373.178828
127.678318,55,373.384584
196.203269,70,373.643346
166.058677,64,373.883614
149.504391,61,374.107482
160.555698,63,374.34672
165.79954,63,374.582012
112.873603,52,374.779814
123.593854,53,374.97826
153.272023,61,375.202879
164.36223,63,375.43974
191.20944,70,375.695037
149.617353,59,375.913982
124.687489,55,376.123453
129.437523,56,376.337061
158.330825,61,376.567327
255.422529,85,376.885874
113.588257,52,377.077153
198.325173,74,377.351928
156.500178,63,377.579034
146.770665,60,377.799403
213.330181,74,378.070961
176.747485,66,378.314949
167.121889,65,378.55617
143.519505,60,379.204177
124.946723,55,379.421729
110.113709,52,379.623902
121.292265,54,379.836087
152.146965,60,380.060973
149.824231,61,380.288812
148.843109,61,380.510546
102.176489,50,380.695469
143.521407,58,380.915466
106.225207,50,381.098686
154.883703,62,381.335688
84.588787,45,381.499772
122.578653,55,381.701192
106.985649,51,381.892602
260.061219,86,382.212819
207.103748,74,382.484561
127.633058,55,382.692933
239.333925,80,382.991735
150.932879,60,383.211298
120.716062,53,383.411042
135.397398,58,383.622073
179.150693,69,383.880488
127.913883,56,384.090388
90.921125,46,384.261191
151.813697,60,384.487125
191.986647,70,384.738765
157.745206,61,384.971537
289.219814,93,385.320106
117.348177,53,385.523084
128.026985,54,385.725537
195.221989,71,385.98603
159.514093,62,386.20915
262.902927,88,386.53598
131.8797,56,387.105772
169.770756,65,387.406821
198.040313,72,387.687606
178.973865,67,387.944966
143.378029,59,388.16737
106.320162,50,388.353837
155.070214,61,388.58143
172.899058,66,388.829178
299.144193,94,389.185865
225.789654,79,389.484162
140.843532,58,389.701712
158.252336,63,389.943633
248.454131,83,390.252098
151.688619,61,390.48011
122.255068,54,390.683127
150.372101,62,390.913331
137.658034,57,391.131163
158.173912,63,391.363717
144.018562,59,391.582875
205.611857,72,391.843521
113.715777,52,392.041666
121.619728,53,392.245034
244.765621,81,392.546604
121.774611,54,392.742249
185.012715,69,392.999333
177.918639,67,393.251524
173.176797,65,393.496523
132.503511,57,393.744302
157.506352,62,393.98595
130.80202,55,394.198115
360.835998,109,394.610149
119.418528,53,394.811613
212.783499,74,395.54302
99.958201,49,395.746481
123.050461,54,395.95327
125.451513,55,396.171616
126.026541,55,396.384391
236.74728,81,396.691408
153.714939,61,396.920567
142.887216,59,397.149043
222.164566,77,397.439028
194.096227,71,397.7043
153.863221,61,397.935231
128.552619,56,398.149664
139.515501,59,398.366796
136.886542,58,398.585595
111.253488,52,398.786776
141.605375,57,399.001631
198.153488,71,399.266518
81.613981,44,399.435863
127.208828,54,399.639647
237.598832,82,399.96572
173.913977,65,400.213947
167.523662,64,400.452228
224.372429,78,400.74487
115.904906,53,400.940892
196.00381,72,401.209878
125.601726,55,401.408041
133.751226,56,401.61437
112.565806,51,401.809543
127.562076,56,402.019353
121.413902,54,402.219227
131.108028,56,402.424202
204.533304,72,402.687798
127.707009,55,402.892239
125.208343,54,403.503652
148.476968,60,403.788598
152.201397,60,404.022959
132.819341,56,404.247456
153.728965,62,404.486263
171.303178,65,404.73047
134.012811,57,404.951549
180.851371,67,405.207161
199.003518,71,405.473558
291.810275,95,405.822521
131.186408,56,406.029476
240.440193,83,406.331204
134.560394,57,406.547168
111.187457,52,406.743982
215.283381,76,407.028417
404.272348,119,407.479146
158.003476,62,407.704916
213.323948,74,407.975412
195.875133,70,408.235669
167.04471,65,408.477365
167.406958,65,408.719128
119.022202,53,408.913907
141.116813,59,409.131192
178.342481,66,409.377439
142.730365,59,409.59428
159.924628,63,409.832484
182.288995,67,410.08592
136.96277,58,410.307797
136.101431,57,410.516948
200.462829,72,410.776192
150.372626,60,410.994298
115.745948,52,411.186891
177.102568,67,411.954398
98.743319,48,412.137455
101.927003,50,412.336
106.952224,51,412.537776
140.513331,58,412.754482
176.87466,66,413.004547
246.951978,83,413.319188
154.910947,62,413.544677
321.072148,99,413.916731
136.418929,58,414.138628
114.049296,52,414.336816
128.799048,55,414.5391
144.12658,60,414.762375
105.504664,50,414.946033
101.546264,49,415.124109
263.118995,86,415.445351
143.710695,59,415.667926
125.679688,55,415.868373
135.993386,57,416.075631
136.520593,57,416.294678
198.244622,71,416.555287
160.780181,62,416.788124
141.193964,58,417.003569
437.821653,127,417.47696
118.54736,53,417.668153
285.598198,93,418.031584
182.796406,68,418.292321
170.348986,64,418.53171
217.522937,76,418.810942
163.102487,63,419.044098
144.094061,59,419.27001
115.393395,53,419.896644
107.132127,51,420.136216
176.061404,66,420.390574
198.585608,72,420.6684
114.690743,52,420.861337
205.484769,72,421.134233
303.790805,95,421.485522
98.068778,49,421.663647
146.737605,60,421.885214
339.579882,104,422.272798
142.602952,60,422.497503
124.765988,55,422.702216
86.608482,46,422.869207
236.170609,82,423.168258
155.21266,61,423.398456
162.009955,63,423.630472
100.20183,49,423.813695
238.891805,81,424.110741
175.043087,66,424.355463
112.490693,52,424.547222
178.200235,66,424.79357
186.335167,67,425.049843
151.721359,61,425.281906
142.6006,59,425.49452
123.046247,54,425.688581
175.840297,67,425.935503
143.556757,59,426.155656
269.594249,88,426.489543
187.510931,69,426.743583
126.646124,55,426.947987
240.100723,81,427.248295
163.664525,64,427.489982
194.47814,70,428.172102
264.805312,86,428.506463
193.240298,70,428.773464
120.22787,53,428.967195
202.142795,73,429.243418
173.557383,66,429.489718
165.943918,65,429.725503
144.616085,61,429.954665
260.236028,87,430.285502
203.516428,72,430.558745
181.223224,69,430.810871
263.484506,87,431.123314
117.788739,53,431.324221
208.995448,74,431.600102
194.465439,71,431.862309
236.904246,80,432.155047
230.006572,79,432.447718
167.626177,65,432.686141
384.421423,116,433.118861
173.936616,65,433.367351
127.830082,56,433.573432
142.643225,59,433.788704
232.143795,80,434.084238
113.930769,53,434.275554
212.255134,75,434.559977
232.780901,80,434.860915
149.757171,59,435.076161
176.017889,66,435.321114
145.348536,59,435.539949
149.321926,61,436.177922
212.089118,74,436.469921
104.911772,50,436.664685
146.343419,59,436.896102
132.997805,55,437.103848
204.188269,73,437.383639
210.189818,74,437.659327
222.692085,77,437.940284
151.64428,61,438.166749
219.843698,79,438.463151
119.348626,54,438.665981
99.032617,49,438.846227
498.652531,141,439.368578
136.584476,57,439.576594
119.296002,53,439.774404
100.695831,49,439.956746
192.876922,71,440.219038
140.374896,58,440.44744
172.962731,65,440.690151
136.400888,57,440.902706
113.308705,52,441.097597
180.680561,68,441.350981
135.148845,57,441.561722
176.190683,67,441.806058
112.199261,52,441.994895
168.331363,64,442.229862
159.81221,63,442.47302
186.591313,69,442.729046
203.124736,72,442.996377
216.221871,76,443.2984
158.774873,62,443.527738
137.384921,57,444.146699
121.535492,53,444.391376
130.881994,57,444.613594
132.990683,57,444.832761
169.520575,65,445.079275
395.919622,117,445.522613
117.134445,53,445.716201
181.963695,68,445.966482
256.619123,85,446.27883
111.245475,51,446.477122
100.242487,49,446.657507
135.057817,56,446.868129
184.353433,69,447.129769
222.886302,77,447.419781
134.363238,58,447.635579
176.631237,65,447.884831
224.627643,76,448.162129
97.567557,50,448.347543
143.690094,58,448.558694
130.736711,55,448.765394
147.299785,59,448.991277
164.527591,63,449.229028
124.804277,55,449.44146
78.368644,45,449.609331
122.460794,54,449.812011
97.456628,48,449.989635
95.580858,47,450.162926
200.507528,74,450.443075
186.660481,69,450.696929
96.332425,48,450.879535
271.815058,89,451.206269
132.721026,57,451.421428
110.378024,51,451.607518
210.788997,76,452.28191
144.063529,59,452.540651
142.996528,58,452.765535
138.982,57,452.97768
108.422456,50,453.164993
223.337282,78,453.460743
210.235958,75,453.741053
139.24223,59,453.959872
135.000627,56,454.163471
178.38734,66,454.406377
109.110359,52,454.598367
156.435999,62,454.836094
340.326968,103,455.219969
239.446706,80,455.51706
136.072478,57,455.725896
154.056283,61,455.950225
143.06243,60,456.17298
147.300911,61,456.400459
138.927474,58,456.619212
192.821306,71,456.886405
264.803311,86,457.205999
123.89577,54,457.40465
124.744586,55,457.609331
186.179353,68,457.864521
149.87506,61,458.091188
125.033515,54,458.288452
169.213028,64,458.528253
99.987352,49,458.708213
141.320183,59,458.929168
141.180984,59,459.149829
166.850145,64,459.385324
260.983746,87,459.715209
122.366929,53,460.348195
108.097572,51,460.593387
160.446298,62,460.832161
104.976469,49,461.015685
176.110571,66,461.264107
525.84951,147,461.826357
125.949601,56,462.036197
110.322482,51,462.218012
135.144328,57,462.429466
132.024643,57,462.64182
133.288413,57,462.854472
129.430546,55,463.060017
243.536476,82,463.369147
247.636955,83,463.683522
171.462432,66,463.927474
140.131889,58,464.140585
204.736726,73,464.407107
120.779988,54,464.614875
177.479809,67,464.86683
149.955876,59,465.088195
192.394181,69,465.346612
121.611831,53,465.54623
198.151701,72,465.814825
105.818954,51,466.003765
224.392309,78,466.299335
146.267355,59,466.516242
227.711713,78,466.813483
102.704064,49,467.005756
134.069883,57,467.222256
138.572972,57,467.4323
147.914905,61,467.66447
132.39591,56,467.876522
163.688193,63,468.471791
346.662042,107,468.922784
147.404982,61,469.152222
153.566934,61,469.380367
90.343122,47,469.558038
209.513635,75,469.840905
128.847481,55,470.046292
384.073517,116,470.473306
145.83991,60,470.697659
156.292422,61,470.928845
126.007714,54,471.132725
196.380133,71,471.39698
135.412745,56,471.605124
144.318506,59,471.823904
118.300934,54,472.018087
159.529286,63,472.253761
239.69019,82,472.565511
162.776167,63,472.808066
105.18129,50,472.995946
271.794055,88,473.320369
171.681951,66,473.570078
290.07459,92,473.918415
175.89704,67,474.177062
338.483857,104,474.566216
175.217089,66,474.817007
160.305311,63,475.054085
227.736506,79,475.357475
133.550815,57,475.575361
174.819556,65,475.82969
145.077303,59,476.058115
161.152483,63,476.716928
182.42729,69,476.997485
162.610137,63,477.246131
193.630067,69,477.508147
270.706666,90,477.861114
193.791878,72,478.137443
488.187242,141,478.662259
154.477879,61,478.896153
221.5502,77,479.17482
164.200436,62,479.403914
134.284,57,479.618668
152.161504,61,479.845448
183.540566,68,480.106762
274.353208,89,480.431168
150.843172,62,480.6642
208.180114,74,480.942952
232.474226,79,481.236641
157.417237,62,481.466059
149.472194,61,481.694998
144.834462,60,481.921973
157.232141,63,482.158082
152.559794,62,482.388666
128.437118,57,482.604045
248.172484,83,482.907604
160.508283,63,483.137541
151.935058,61,483.364644
106.504855,50,483.549956
147.25273,60,483.78123
227.147798,79,484.074969
174.256008,65,484.695559
161.847122,63,484.992981
113.116591,51,485.192606
123.84086,54,485.402228
126.859732,55,485.611563
143.511367,59,485.835181
119.204823,54,486.039188
132.872584,56,486.247909
137.257632,57,486.458718
179.148161,67,486.713827
193.51858,71,486.971838
135.926003,57,487.183305
247.68519,82,487.490395
148.255165,60,487.718901
128.617109,55,487.92481
416.664053,124,488.390683
122.95232,54,488.587589
127.174094,56,488.803183
271.239278,88,489.130723
176.502985,66,489.378108
107.755661,51,489.569005
125.987779,55,489.780717
222.789122,77,490.070631
254.649766,84,490.385981
173.079526,66,490.631048
119.180258,53,490.834482
115.118943,52,491.034339
189.470853,69,491.286427
148.347965,61,491.508769
199.181482,72,491.779944
186.441133,70,492.042403
108.095673,50,492.245907
251.639422,83,492.973712
316.855213,99,493.394726
198.291765,72,493.675123
273.084016,89,494.013048
194.071106,71,494.283757
160.748409,63,494.514683
234.432616,80,494.812258
109.99633,51,494.994328
239.69094,81,495.296762
162.237138,64,495.53424
256.751425,85,495.854271
274.33203,89,496.18325
128.173087,56,496.393331
115.116329,53,496.588178
240.909374,80,496.884467
235.643887,82,497.203285
171.65627,65,497.444973
269.868053,87,497.775768
165.858708,64,498.014801
142.118162,59,498.242348
82.791653,45,498.407124
176.456843,67,498.650281
198.947389,71,498.914568
247.713889,83,499.217581
151.28179,60,499.443553
141.684627,59,499.665467
131.73125,56,499.880869
265.472008,87,500.210649
146.944013,59,500.429539
